image,width,height,positive_pixels,raw_tp,raw_fp,raw_fn,raw_tn,raw_precision,raw_recall,raw_specificity,raw_iou,raw_dice,raw_pixel_accuracy,post_processed_tp,post_processed_fp,post_processed_fn,post_processed_tn,post_processed_precision,post_processed_recall,post_processed_specificity,post_processed_iou,post_processed_dice,post_processed_pixel_accuracy
0_jpg.rf.648c972b8084cd217a361b3b2655f5ef.jpg,780,326,115261,84010,7306,31251,131713,0.9199921152919532,0.7288675267436514,0.9474460325567009,0.685421035025741,0.8133528902055892,0.8483679408526035,84107,7373,31154,131646,0.9194031482291212,0.7297090950104546,0.9469640840460657,0.6858375328212405,0.8136460595624477,0.8484859210319333
1568235505458_png.rf.1e485d7d22198937a35935045a74009a.jpg,473,631,72711,66926,6894,5785,218858,0.9066106746139257,0.920438448102763,0.9694620645664269,0.8407260850449092,0.9134722345442261,0.9575190224583952,67040,6556,5671,219196,0.9109190716886787,0.922006298909381,0.9709592827527552,0.8457491768327299,0.9164291523987232,0.9590334480320843
good-weld-example_jpg.rf.2da2fcb6088fcda844cda269304f7867.jpg,900,670,531951,528175,27334,3776,43715,0.9507946765938986,0.9929016018392671,0.615279595771932,0.9443754078868556,0.9713920512018833,0.948407960199005,529690,27789,2261,43260,0.95015238242158,0.9957496085165739,0.6088755647510873,0.9463143602386822,0.9724167684018248,0.9501658374792703
images-1-_jpeg.rf.e244c074743fb8a7b37b0025671dfb4a.jpg,194,152,5293,4735,164,558,24031,0.9665237803633394,0.8945777441904402,0.9932217400289316,0.8676928715411398,0.929160125588697,0.9755154639175257,4787,168,506,24027,0.9660948536831483,0.9044020404307576,0.9930564166150031,0.8765793810657388,0.9342310694769711,0.9771432447097125
images-19-_jpeg.rf.c87d99fbdfe1faff78273b8bb540e443.jpg,144,245,8129,7729,4545,400,22606,0.6297050676226169,0.9507934555295854,0.8326028507237303,0.6098311503866183,0.7576336813213743,0.8598356009070295,7816,5102,313,22049,0.6050472209320328,0.9614958789519006,0.8120879525615999,0.5907338825485602,0.7427186772461634,0.8465136054421769
undercut_jpg.rf.3ac7e3a175f144e4943b42405df64265.jpg,888,249,148396,122555,9860,25841,62856,0.9255371370313031,0.825864578560069,0.8644039826173057,0.7744098170053584,0.8728646669824188,0.8385388400448641,123092,9938,25304,62778,0.9252950462301737,0.8294832744817919,0.8633313163540349,0.7774198845478545,0.8747734750875896,0.8406147110966388
